设备编号,维护日期,维护类型,维护前时间,维护前透水率,维护后时间,维护后透水率,提升量,备注
A1,2024-05-18,中维护,2024-05-17 23:00:08,82.6927,2024-05-19 00:00:01,106.3576,23.6649,
A1,2024-07-19,中维护,2024-07-18 18:00:03,92.1423,2024-07-20 00:00:03,112.0433,19.9011,
A1,2024-10-01,中维护,2024-09-29 13:00:08,93.257,2024-10-02 00:00:01,99.6803,6.4232,
A1,2024-12-02,大维护,2024-12-01 23:00:00,73.4477,2024-12-03 00:00:00,93.0853,19.6377,
A1,2025-01-21,中维护,2025-01-20 23:00:00,70.058,2025-01-22 00:00:00,96.1917,26.1337,
A1,2025-03-14,中维护,2025-03-13 23:00:00,80.5585,2025-03-15 00:00:00,113.4325,32.874,
A1,2025-05-10,中维护,2025-05-09 23:00:00,99.6797,2025-05-11 00:00:00,107.2515,7.5717,
A1,2025-06-29,中维护,2025-06-28 23:00:00,96.5524,2025-06-30 12:00:00,107.134,10.5816,
A1,2025-09-15,中维护,2025-09-14 23:00:00,88.6637,2025-09-16 13:00:00,112.1749,23.5112,
A1,2025-11-14,大维护,2025-11-13 23:00:00,77.485,2025-11-15 12:00:00,81.8493,4.3643,
A1,2026-01-19,中维护,2026-01-18 23:00:00,39.177,2026-01-20 04:00:00,96.2662,57.0892,
A1,2026-03-07,中维护,2026-03-06 22:00:00,72.7135,2026-03-08 04:00:00,104.0825,31.369,
A10,2024-05-25,中维护,2024-05-24 23:00:08,119.4977,2024-05-26 00:00:00,141.7901,22.2924,
A10,2024-07-25,大维护,2024-07-24 18:00:03,134.9355,2024-07-26 00:00:03,145.9951,11.0596,
A10,2024-10-01,中维护,2024-09-30 23:00:08,123.6129,2024-10-02 02:00:08,127.6832,4.0703,
A10,2024-11-20,中维护,2024-11-19 23:00:00,96.0559,2024-11-21 00:00:00,101.6446,5.5887,
A10,2025-01-18,中维护,2025-01-17 23:00:00,67.5517,2025-01-19 00:00:00,95.893,28.3414,
A10,2025-02-24,中维护,2025-02-23 23:00:00,74.564,2025-02-25 00:00:00,93.8795,19.3156,
A10,2025-04-11,大维护,2025-04-10 23:00:00,79.5784,2025-04-12 00:00:00,95.3708,15.7924,
A10,2025-06-05,中维护,2025-06-04 23:00:00,85.2401,2025-06-06 06:00:00,103.0016,17.7615,
A10,2025-08-19,中维护,2025-08-18 23:00:00,98.3119,2025-08-20 00:00:00,99.7564,1.4444,
A10,2025-11-01,中维护,2025-10-31 23:00:00,62.6557,2025-11-02 00:00:00,76.8946,14.2389,
A10,2026-01-01,大维护,2025-12-31 20:00:00,35.733,2026-01-02 00:00:00,49.323,13.59,
A10,2026-02-13,中维护,2026-02-12 18:00:00,26.431,2026-02-14 00:00:00,48.7717,22.3407,
A10,2026-03-26,中维护,2026-03-25 18:00:00,29.1577,2026-03-27 00:00:00,53.0715,23.9138,
A2,2024-06-04,中维护,2024-06-03 23:00:07,67.7119,2024-06-05 00:00:00,85.839,18.1271,
A2,2024-08-16,中维护,2024-08-15 18:00:03,79.1564,2024-08-17 00:00:03,99.5612,20.4048,
A2,2024-11-03,中维护,2024-11-02 23:00:00,72.6677,2024-11-04 00:00:00,90.9579,18.2901,
A2,2025-01-01,中维护,2024-12-31 23:00:00,63.0623,2025-01-02 00:00:00,74.7164,11.6541,
A2,2025-02-20,中维护,2025-02-19 23:00:00,52.6152,2025-02-21 00:00:00,74.8931,22.2778,
A2,2025-04-07,中维护,2025-04-06 20:00:00,61.8886,2025-04-08 00:00:00,76.7165,14.8279,
A2,2025-05-28,中维护,2025-05-27 23:00:00,64.0634,2025-05-29 00:00:00,81.7381,17.6747,
A2,2025-07-21,中维护,2025-07-20 23:00:00,78.9412,2025-07-22 00:00:00,94.1939,15.2527,
A2,2025-10-06,大维护,2025-10-05 23:00:00,69.3407,2025-10-07 00:00:00,85.6687,16.328,
A2,2025-12-10,大维护,2025-12-09 23:00:00,48.8666,2025-12-11 05:00:00,65.4572,16.5906,
A2,2026-01-29,大维护,2026-01-28 18:00:00,28.0564,2026-01-30 00:00:00,59.0625,31.0061,
A2,2026-03-12,中维护,2026-03-11 18:00:00,43.3494,2026-03-13 00:00:00,50.6985,7.3491,
A3,2024-05-29,中维护,,,,,,维护前或维护后窗口内无观测值
A3,2024-07-18,中维护,2024-07-17 21:00:03,114.9011,2024-07-19 03:00:03,123.1317,8.2307,
A3,2024-09-30,中维护,,,,,,维护前或维护后窗口内无观测值
A3,2024-11-30,中维护,2024-11-29 23:00:00,70.0509,2024-12-01 00:00:00,92.192,22.141,
A3,2025-01-17,中维护,2025-01-16 23:00:00,69.0923,2025-01-18 15:00:00,94.6479,25.5556,
A3,2025-03-05,中维护,2025-03-04 23:00:00,70.9856,2025-03-06 00:00:00,88.4001,17.4145,
A3,2025-05-06,中维护,,,,,,维护前或维护后窗口内无观测值
A3,2025-07-02,大维护,2025-07-01 23:00:00,90.9992,2025-07-03 00:00:00,101.2537,10.2545,
A3,2025-09-15,中维护,2025-09-14 23:00:00,90.0217,2025-09-16 00:00:00,119.6289,29.6072,
A3,2025-11-17,大维护,2025-11-16 23:00:00,82.6297,2025-11-18 00:00:00,101.5305,18.9008,
A3,2026-01-20,中维护,2026-01-19 23:00:00,59.7046,2026-01-21 00:00:00,86.1486,26.444,
A3,2026-02-24,中维护,2026-02-23 18:00:00,62.0358,2026-02-25 00:00:00,77.2958,15.26,
A3,2026-04-05,中维护,2026-04-04 18:00:00,68.5029,2026-04-06 00:00:00,80.2339,11.731,
A4,2024-05-28,中维护,2024-05-27 23:00:07,39.8268,2024-05-29 03:00:07,84.3621,44.5353,
A4,2024-07-16,中维护,2024-07-15 18:00:03,81.9094,2024-07-17 00:00:03,107.2734,25.364,
A4,2024-09-21,中维护,2024-09-20 23:00:08,84.6593,2024-09-22 00:00:01,108.2907,23.6315,
A4,2024-11-20,中维护,2024-11-19 23:00:00,71.8154,2024-11-21 00:00:00,88.3797,16.5642,
A4,2025-01-18,中维护,2025-01-17 23:00:00,58.1391,2025-01-19 14:00:00,98.517,40.3779,
A4,2025-02-20,中维护,2025-02-19 23:00:00,86.6546,2025-02-21 00:00:00,111.1828,24.5282,
A4,2025-04-10,中维护,2025-04-09 23:00:00,95.4755,2025-04-11 00:00:00,104.8694,9.3938,
A4,2025-06-04,中维护,2025-06-03 23:00:00,98.748,2025-06-05 00:00:00,109.063,10.315,
A4,2025-08-06,中维护,2025-08-05 23:00:00,101.2337,2025-08-07 00:00:00,124.1677,22.934,
A4,2025-10-10,中维护,2025-10-09 16:00:00,101.1964,2025-10-11 00:00:00,106.1219,4.9255,
A4,2025-12-09,中维护,2025-12-08 23:00:00,75.6421,2025-12-10 00:00:00,99.1913,23.5492,
A4,2026-01-21,中维护,2026-01-20 18:00:00,76.528,2026-01-22 00:00:00,109.2324,32.7044,
A4,2026-03-12,中维护,2026-03-11 18:00:00,87.292,2026-03-13 00:00:00,115.3467,28.0547,
A5,2024-05-19,中维护,2024-05-18 23:00:08,99.7147,2024-05-20 00:00:00,115.7229,16.0082,
A5,2024-07-18,中维护,2024-07-17 18:00:03,114.6032,2024-07-19 00:00:03,119.7861,5.1829,
A5,2024-09-21,大维护,2024-09-20 23:00:08,106.6582,2024-09-22 00:00:01,111.8169,5.1588,
A5,2024-11-24,中维护,2024-11-23 23:00:00,83.6697,2024-11-25 00:00:00,115.7258,32.0561,
A5,2025-01-21,中维护,2025-01-20 23:00:00,87.5205,2025-01-22 00:00:00,119.3775,31.857,
A5,2025-02-25,中维护,2025-02-24 23:00:00,100.8916,2025-02-26 00:00:00,110.1948,9.3031,
A5,2025-04-15,中维护,2025-04-14 23:00:00,97.1925,2025-04-16 01:00:00,96.1966,-0.9959,
A5,2025-06-14,中维护,2025-06-13 23:00:00,89.5928,2025-06-15 00:00:00,104.2796,14.6868,
A5,2025-08-19,中维护,2025-08-18 23:00:00,96.7769,2025-08-20 00:00:00,101.3067,4.5298,
A5,2025-11-06,中维护,2025-11-05 23:00:00,59.1658,2025-11-07 00:00:00,73.779,14.6132,
A5,2026-01-08,中维护,2026-01-07 23:00:00,38.5456,2026-01-09 00:00:00,65.844,27.2984,
A5,2026-02-26,中维护,2026-02-25 18:00:00,36.832,2026-02-27 00:00:00,58.523,21.691,
A5,2026-04-03,中维护,2026-04-02 18:00:00,48.3311,2026-04-04 00:00:00,81.5207,33.1896,
A6,2024-06-06,中维护,2024-06-05 23:00:05,38.1851,2024-06-07 00:00:00,61.9563,23.7711,
A6,2024-08-27,中维护,2024-08-26 23:00:01,53.0823,2024-08-28 00:00:01,83.3187,30.2364,
A6,2024-11-06,大维护,2024-11-04 17:00:00,40.3889,2024-11-08 00:00:00,63.2443,22.8554,
A6,2024-12-31,中维护,2024-12-30 23:00:00,29.6357,2025-01-01 00:00:00,70.8795,41.2437,
A6,2025-02-19,大维护,2025-02-18 23:00:00,46.9414,2025-02-20 00:00:00,73.0431,26.1017,
A6,2025-04-11,中维护,2025-04-10 23:00:00,55.837,2025-04-12 00:00:00,82.0683,26.2313,
A6,2025-06-04,中维护,2025-06-03 23:00:00,74.9217,2025-06-05 00:00:00,97.0755,22.1538,
A6,2025-08-23,中维护,2025-08-22 23:00:00,86.6134,2025-08-24 00:00:00,138.2092,51.5958,
A6,2025-11-02,中维护,2025-11-01 06:00:00,86.7017,2025-11-03 00:00:00,105.4918,18.7901,
A6,2026-01-03,中维护,2026-01-02 23:00:00,73.553,2026-01-04 00:00:00,96.2768,22.7237,
A6,2026-02-15,中维护,2026-02-14 18:00:00,69.7246,2026-02-16 00:00:00,85.6215,15.8969,
A6,2026-03-25,中维护,2026-03-24 18:00:00,72.9085,2026-03-26 00:00:00,87.3506,14.442,
A7,2024-05-18,中维护,2024-05-17 19:00:08,83.1167,2024-05-19 00:00:01,93.4816,10.3649,
A7,2024-07-04,中维护,2024-07-03 23:00:03,82.697,2024-07-05 00:00:03,106.0368,23.3399,
A7,2024-09-24,中维护,2024-09-23 22:00:08,88.8248,2024-09-25 00:00:02,121.7142,32.8894,
A7,2024-11-22,中维护,2024-11-21 23:00:00,85.9781,2024-11-23 00:00:00,104.6418,18.6637,
A7,2025-01-20,中维护,2025-01-19 23:00:00,76.9314,2025-01-21 00:00:00,80.2674,3.336,
A7,2025-02-24,中维护,2025-02-23 22:00:00,66.8709,2025-02-25 00:00:00,95.9396,29.0687,
A7,2025-04-16,大维护,2025-04-15 23:00:00,84.8557,2025-04-17 00:00:00,103.0435,18.1878,
A7,2025-06-16,中维护,2025-06-15 23:00:00,98.3998,2025-06-17 00:00:00,103.8125,5.4127,
A7,2025-09-01,中维护,2025-08-31 23:00:00,94.9477,2025-09-02 00:00:00,100.1513,5.2036,
A7,2025-10-18,中维护,2025-10-17 08:00:00,78.019,2025-10-20 00:00:00,100.1114,22.0924,
A7,2025-12-22,中维护,2025-12-21 23:00:00,64.2675,2025-12-23 00:00:00,69.4749,5.2074,
A7,2026-02-08,大维护,2026-02-07 18:00:00,39.4054,2026-02-09 00:00:00,68.2821,28.8767,
A7,2026-03-25,中维护,2026-03-24 18:00:00,50.7914,2026-03-26 00:00:00,68.7686,17.9772,
A8,2024-06-02,中维护,,,,,,维护前或维护后窗口内无观测值
A8,2024-08-10,中维护,2024-08-09 18:00:03,127.0001,2024-08-11 00:00:03,131.3985,4.3984,
A8,2024-10-31,中维护,2024-10-30 23:00:00,86.4246,2024-11-01 00:00:00,116.1448,29.7202,
A8,2025-01-03,中维护,2025-01-02 23:00:00,85.5189,2025-01-04 00:00:00,88.9963,3.4774,
A8,2025-02-13,中维护,2025-02-12 23:00:00,69.6625,2025-02-14 00:00:00,99.7952,30.1327,
A8,2025-03-27,中维护,2025-03-26 23:00:00,81.6967,2025-03-28 00:00:00,95.7923,14.0956,
A8,2025-05-13,中维护,2025-05-12 23:00:00,84.9722,2025-05-14 00:00:00,107.8081,22.8359,
A8,2025-07-06,中维护,2025-07-05 23:00:00,101.3846,2025-07-07 00:00:00,104.1968,2.8122,
A8,2025-09-08,中维护,2025-09-07 23:00:00,91.675,2025-09-09 00:00:00,94.1069,2.432,
A8,2025-11-03,中维护,2025-11-02 13:00:00,64.5154,2025-11-04 03:00:00,89.0249,24.5095,
A8,2025-12-28,中维护,2025-12-27 23:00:00,63.8663,2025-12-29 00:00:00,74.145,10.2787,
A8,2026-02-09,中维护,2026-02-08 18:00:00,48.6986,2026-02-10 00:00:00,67.0296,18.331,
A8,2026-03-31,中维护,2026-03-30 18:00:00,44.8551,2026-04-01 00:00:00,64.4428,19.5877,
A9,2024-05-30,中维护,2024-05-29 23:00:05,77.2487,2024-05-31 01:00:05,102.5332,25.2845,
A9,2024-08-02,中维护,2024-08-01 18:00:03,101.0336,2024-08-03 00:00:03,106.3089,5.2753,
A9,2024-10-15,中维护,2024-10-14 22:00:08,84.8878,2024-10-16 05:00:08,105.3196,20.4318,
A9,2024-12-15,中维护,2024-12-14 23:00:00,74.1845,2024-12-16 00:00:00,83.381,9.1965,
A9,2025-01-31,中维护,,,,,,维护前或维护后窗口内无观测值
A9,2025-03-19,中维护,2025-03-18 23:00:00,64.0113,2025-03-20 01:00:00,80.8771,16.8658,
A9,2025-05-15,大维护,2025-05-14 23:00:00,66.4798,2025-05-16 00:00:00,83.2427,16.7629,
A9,2025-07-09,中维护,2025-07-08 23:00:00,73.0903,2025-07-10 00:00:00,92.252,19.1617,
A9,2025-09-12,中维护,2025-09-11 11:00:00,79.3829,2025-09-13 00:00:00,106.1678,26.7849,
A9,2025-11-16,中维护,2025-11-15 23:00:00,69.8194,2025-11-17 12:00:00,90.1179,20.2985,
A9,2026-01-09,中维护,2026-01-08 23:00:00,57.6564,2026-01-10 00:00:00,69.0242,11.3678,
A9,2026-02-23,中维护,2026-02-22 18:00:00,46.9294,2026-02-24 00:00:00,76.7967,29.8673,
A9,2026-04-01,大维护,2026-03-31 18:00:00,68.0101,2026-04-02 00:00:00,87.5312,19.5211,
